INSERT INTO invoice(OR_NO, INVOICE_NO, ENCODER_CODE, ASSIST_CODE, CUST_NO, STORE_CODE, PARTIAL) VALUES ("6", "0", "1", "0", "0", "1", "1");
INSERT INTO invoice_item(OR_NO, PROD_CODE, DISC_CODE, QUANTITY, DEFERRED, SELL_PRICE, COST, STORE_CODE) VALUES ("6", "018068116670", "1", "1", "0", "129.95", "84.47", "1");
UPDATE inventory_lu SET QUANTITY = QUANTITY - 1 WHERE PROD_CODE = "018068116670" AND STORE_CODE = 001;
INSERT INTO invoice_item(OR_NO, PROD_CODE, DISC_CODE, QUANTITY, DEFERRED, SELL_PRICE, COST, STORE_CODE) VALUES ("6", "023800010154", "1", "1", "0", "45.0", "24.83", "1");
UPDATE inventory_lu SET QUANTITY = QUANTITY - 1 WHERE PROD_CODE = "023800010154" AND STORE_CODE = 001;
INSERT INTO payment_item(OR_NO, PT_CODE, AMT, CARD_TYPE, CARD_NO, GC_NO, CHECK_NO, STORE_CODE) VALUES ("6", "1", "180.0", "N/A", "N/A", "N/A", "N/A", "1");
UPDATE invoice SET INVOICE_NO="0", ENCODER_CODE="1", ASSIST_CODE="0", CUST_NO="0", STORE_CODE="1", PARTIAL="0" WHERE OR_NO="6" AND STORE_CODE="001";
DELETE FROM `payment_item` WHERE OR_NO="6" AND STORE_CODE="001";
INSERT INTO payment_item(OR_NO, PT_CODE, AMT, CARD_TYPE, CARD_NO, GC_NO, CHECK_NO, STORE_CODE) VALUES ("6", "1", "180.0", "N/A", "N/A", "N/A", "N/A", "1");
INSERT INTO invoice(OR_NO, INVOICE_NO, ENCODER_CODE, ASSIST_CODE, CUST_NO, STORE_CODE, PARTIAL) VALUES ("7", "0", "1", "0", "0", "1", "0");
INSERT INTO invoice_item(OR_NO, PROD_CODE, DISC_CODE, QUANTITY, DEFERRED, SELL_PRICE, COST, STORE_CODE) VALUES ("7", "018068116670", "1", "3", "0", "129.95", "84.47", "1");
UPDATE inventory_lu SET QUANTITY = QUANTITY - 3 WHERE PROD_CODE = "018068116670" AND STORE_CODE = 001;
INSERT INTO payment_item(OR_NO, PT_CODE, AMT, CARD_TYPE, CARD_NO, GC_NO, CHECK_NO, STORE_CODE) VALUES ("7", "1", "211.0", "N/A", "N/A", "N/A", "N/A", "1");
INSERT INTO payment_item(OR_NO, PT_CODE, AMT, CARD_TYPE, CARD_NO, GC_NO, CHECK_NO, STORE_CODE) VALUES ("7", "3", "212.0", "Visa", "123123", "N/A", "N/A", "1");
INSERT INTO invoice(OR_NO, INVOICE_NO, ENCODER_CODE, ASSIST_CODE, CUST_NO, STORE_CODE, PARTIAL) VALUES ("8", "0", "1", "0", "0", "1", "1");
INSERT INTO invoice_item(OR_NO, PROD_CODE, DISC_CODE, QUANTITY, DEFERRED, SELL_PRICE, COST, STORE_CODE) VALUES ("8", "018068116670", "1", "2", "0", "129.95", "84.47", "1");
UPDATE inventory_lu SET QUANTITY = QUANTITY - 2 WHERE PROD_CODE = "018068116670" AND STORE_CODE = 001;
INSERT INTO payment_item(OR_NO, PT_CODE, AMT, CARD_TYPE, CARD_NO, GC_NO, CHECK_NO, STORE_CODE) VALUES ("8", "1", "100.0", "N/A", "N/A", "N/A", "N/A", "1");
UPDATE invoice SET INVOICE_NO="0", ENCODER_CODE="1", ASSIST_CODE="0", CUST_NO="0", STORE_CODE="1", PARTIAL="0" WHERE OR_NO="8" AND STORE_CODE="001";
DELETE FROM `payment_item` WHERE OR_NO="8" AND STORE_CODE="001";
INSERT INTO payment_item(OR_NO, PT_CODE, AMT, CARD_TYPE, CARD_NO, GC_NO, CHECK_NO, STORE_CODE) VALUES ("8", "1", "260.0", "N/A", "N/A", "N/A", "N/A", "1");
INSERT INTO invoice(OR_NO, INVOICE_NO, ENCODER_CODE, ASSIST_CODE, CUST_NO, STORE_CODE, PARTIAL) VALUES ("9", "0", "1", "0", "0", "1", "1");
INSERT INTO invoice_item(OR_NO, PROD_CODE, DISC_CODE, QUANTITY, DEFERRED, SELL_PRICE, COST, STORE_CODE) VALUES ("9", "018068116670", "1", "1", "0", "129.95", "84.47", "1");
UPDATE inventory_lu SET QUANTITY = QUANTITY - 1 WHERE PROD_CODE = "018068116670" AND STORE_CODE = 001;
INSERT INTO payment_item(OR_NO, PT_CODE, AMT, CARD_TYPE, CARD_NO, GC_NO, CHECK_NO, STORE_CODE) VALUES ("9", "1", "100.0", "N/A", "N/A", "N/A", "N/A", "1");
