INSERT INTO invoice(OR_NO, INVOICE_NO, ENCODER_CODE, ASSIST_CODE, CUST_NO, STORE_CODE, PARTIAL) VALUES ("1", "0", "1", "0", "0", "1", "0");
INSERT INTO invoice_item(OR_NO, PROD_CODE, DISC_CODE, QUANTITY, DEFERRED, SELL_PRICE, COST, STORE_CODE) VALUES ("1", "018068116670", "1", "1", "0", "129.95", "84.47", "1");
UPDATE inventory_lu SET QUANTITY = QUANTITY - 1 WHERE PROD_CODE = "018068116670" AND STORE_CODE = 001;
INSERT INTO invoice_item(OR_NO, PROD_CODE, DISC_CODE, QUANTITY, DEFERRED, SELL_PRICE, COST, STORE_CODE) VALUES ("1", "051131835283", "1", "5", "0", "48.5", "46.75", "1");
UPDATE inventory_lu SET QUANTITY = QUANTITY - 5 WHERE PROD_CODE = "051131835283" AND STORE_CODE = 001;
INSERT INTO payment_item(OR_NO, PT_CODE, AMT, CARD_TYPE, CARD_NO, GC_NO, CHECK_NO, STORE_CODE) VALUES ("1", "1", "500.0", "N/A", "N/A", "N/A", "N/A", "1");
INSERT INTO invoice(OR_NO, INVOICE_NO, ENCODER_CODE, ASSIST_CODE, CUST_NO, STORE_CODE, PARTIAL) VALUES ("2", "0", "1", "5", "3", "1", "1");
INSERT INTO invoice_item(OR_NO, PROD_CODE, DISC_CODE, QUANTITY, DEFERRED, SELL_PRICE, COST, STORE_CODE) VALUES ("2", "031609659382", "1", "10", "0", "99.95", "64.97", "1");
UPDATE inventory_lu SET QUANTITY = QUANTITY - 10 WHERE PROD_CODE = "031609659382" AND STORE_CODE = 001;
INSERT INTO payment_item(OR_NO, PT_CODE, AMT, CARD_TYPE, CARD_NO, GC_NO, CHECK_NO, STORE_CODE) VALUES ("2", "1", "500.0", "N/A", "N/A", "N/A", "N/A", "1");
UPDATE invoice SET INVOICE_NO="0", ENCODER_CODE="1", ASSIST_CODE="5", CUST_NO="3", STORE_CODE="1", PARTIAL="0" WHERE OR_NO="2" AND STORE_CODE="001";
DELETE FROM `payment_item` WHERE OR_NO="2" AND STORE_CODE="001";
INSERT INTO payment_item(OR_NO, PT_CODE, AMT, CARD_TYPE, CARD_NO, GC_NO, CHECK_NO, STORE_CODE) VALUES ("2", "1", "500.0", "N/A", "N/A", "N/A", "N/A", "1");
INSERT INTO payment_item(OR_NO, PT_CODE, AMT, CARD_TYPE, CARD_NO, GC_NO, CHECK_NO, STORE_CODE) VALUES ("2", "2", "500.0", "N/A", "N/A", "N/A", "14514534313436423", "1");
INSERT INTO invoice(OR_NO, INVOICE_NO, ENCODER_CODE, ASSIST_CODE, CUST_NO, STORE_CODE, PARTIAL) VALUES ("3", "0", "1", "0", "0", "1", "0");
INSERT INTO invoice_item(OR_NO, PROD_CODE, DISC_CODE, QUANTITY, DEFERRED, SELL_PRICE, COST, STORE_CODE) VALUES ("3", "03435", "1", "5", "0", "999.95", "649.97", "1");
UPDATE inventory_lu SET QUANTITY = QUANTITY - 5 WHERE PROD_CODE = "03435" AND STORE_CODE = 001;
INSERT INTO invoice_item(OR_NO, PROD_CODE, DISC_CODE, QUANTITY, DEFERRED, SELL_PRICE, COST, STORE_CODE) VALUES ("3", "03246", "1", "3", "1", "1200.0", "780.0", "1");
UPDATE inventory_lu SET QUANTITY = QUANTITY - 3 WHERE PROD_CODE = "03246" AND STORE_CODE = 001;
INSERT INTO payment_item(OR_NO, PT_CODE, AMT, CARD_TYPE, CARD_NO, GC_NO, CHECK_NO, STORE_CODE) VALUES ("3", "1", "9000.0", "N/A", "N/A", "N/A", "N/A", "1");
UPDATE invoice_item SET DEFERRED="0" WHERE OR_NO="3" AND PROD_CODE="03246" AND STORE_CODE="001";
UPDATE inventory_lu SET QUANTITY = QUANTITY - 3 WHERE PROD_CODE = "03246" AND STORE_CODE = 001;
INSERT INTO invoice(OR_NO, INVOICE_NO, ENCODER_CODE, ASSIST_CODE, CUST_NO, STORE_CODE, PARTIAL) VALUES ("4", "0", "1", "0", "0", "1", "0");
INSERT INTO invoice_item(OR_NO, PROD_CODE, DISC_CODE, QUANTITY, DEFERRED, SELL_PRICE, COST, STORE_CODE) VALUES ("4", "023800010154", "1", "5", "0", "45.0", "24.83", "1");
UPDATE inventory_lu SET QUANTITY = QUANTITY - 5 WHERE PROD_CODE = "023800010154" AND STORE_CODE = 001;
INSERT INTO payment_item(OR_NO, PT_CODE, AMT, CARD_TYPE, CARD_NO, GC_NO, CHECK_NO, STORE_CODE) VALUES ("4", "4", "1000.0", "N/A", "N/A", "443458795648", "N/A", "1");
INSERT INTO invoice(OR_NO, INVOICE_NO, ENCODER_CODE, ASSIST_CODE, CUST_NO, STORE_CODE, PARTIAL) VALUES ("5", "0", "1", "0", "0", "1", "0");
INSERT INTO invoice_item(OR_NO, PROD_CODE, DISC_CODE, QUANTITY, DEFERRED, SELL_PRICE, COST, STORE_CODE) VALUES ("5", "023800010437", "1", "4", "0", "45.0", "24.83", "1");
UPDATE inventory_lu SET QUANTITY = QUANTITY - 4 WHERE PROD_CODE = "023800010437" AND STORE_CODE = 001;
INSERT INTO payment_item(OR_NO, PT_CODE, AMT, CARD_TYPE, CARD_NO, GC_NO, CHECK_NO, STORE_CODE) VALUES ("5", "1", "200.0", "N/A", "N/A", "N/A", "N/A", "1");
INSERT INTO invoice(OR_NO, INVOICE_NO, ENCODER_CODE, ASSIST_CODE, CUST_NO, STORE_CODE, PARTIAL) VALUES ("6", "0", "1", "0", "0", "1", "0");
INSERT INTO returned_items(OR_NO, PROD_CODE, RETURN_CODE, QUANTITY, COST, SELL_PRICE, STORE_CODE) VALUES ("6", "031609659382", "1", "3", "64.97", "99.95", "1");
INSERT INTO invoice_item(OR_NO, PROD_CODE, DISC_CODE, QUANTITY, DEFERRED, SELL_PRICE, COST, STORE_CODE) VALUES ("6", "031609659382", "1", "4", "0", "99.95", "64.97", "1");
UPDATE inventory_lu SET QUANTITY = QUANTITY - 4 WHERE PROD_CODE = "031609659382" AND STORE_CODE = 001;
INSERT INTO payment_item(OR_NO, PT_CODE, AMT, CARD_TYPE, CARD_NO, GC_NO, CHECK_NO, STORE_CODE) VALUES ("6", "1", "100.0", "N/A", "N/A", "N/A", "N/A", "1");
INSERT INTO invoice(OR_NO, INVOICE_NO, ENCODER_CODE, ASSIST_CODE, CUST_NO, STORE_CODE, PARTIAL) VALUES ("7", "0", "1", "0", "0", "1", "0");
INSERT INTO returned_items(OR_NO, PROD_CODE, RETURN_CODE, QUANTITY, COST, SELL_PRICE, STORE_CODE) VALUES ("7", "018068116670", "1", "1", "84.47", "129.95", "1");
INSERT INTO returned_items(OR_NO, PROD_CODE, RETURN_CODE, QUANTITY, COST, SELL_PRICE, STORE_CODE) VALUES ("7", "051131835283", "1", "3", "46.75", "48.5", "1");
INSERT INTO invoice_item(OR_NO, PROD_CODE, DISC_CODE, QUANTITY, DEFERRED, SELL_PRICE, COST, STORE_CODE) VALUES ("7", "027467050256", "1", "5", "0", "110.0", "71.5", "1");
UPDATE inventory_lu SET QUANTITY = QUANTITY - 5 WHERE PROD_CODE = "027467050256" AND STORE_CODE = 001;
INSERT INTO payment_item(OR_NO, PT_CODE, AMT, CARD_TYPE, CARD_NO, GC_NO, CHECK_NO, STORE_CODE) VALUES ("7", "1", "500.0", "N/A", "N/A", "N/A", "N/A", "1");
INSERT INTO invoice(OR_NO, INVOICE_NO, ENCODER_CODE, ASSIST_CODE, CUST_NO, STORE_CODE, PARTIAL) VALUES ("8", "0", "1", "0", "0", "1", "1");
INSERT INTO invoice_item(OR_NO, PROD_CODE, DISC_CODE, QUANTITY, DEFERRED, SELL_PRICE, COST, STORE_CODE) VALUES ("8", "027467050256", "1", "5", "0", "110.0", "71.5", "1");
UPDATE inventory_lu SET QUANTITY = QUANTITY - 5 WHERE PROD_CODE = "027467050256" AND STORE_CODE = 001;
INSERT INTO payment_item(OR_NO, PT_CODE, AMT, CARD_TYPE, CARD_NO, GC_NO, CHECK_NO, STORE_CODE) VALUES ("8", "1", "500.0", "N/A", "N/A", "N/A", "N/A", "1");
INSERT INTO invoice(OR_NO, INVOICE_NO, ENCODER_CODE, ASSIST_CODE, CUST_NO, STORE_CODE, PARTIAL) VALUES ("9", "0", "1", "0", "0", "1", "1");
INSERT INTO invoice_item(OR_NO, PROD_CODE, DISC_CODE, QUANTITY, DEFERRED, SELL_PRICE, COST, STORE_CODE) VALUES ("9", "023800010154", "1", "12", "0", "45.0", "24.83", "1");
UPDATE inventory_lu SET QUANTITY = QUANTITY - 12 WHERE PROD_CODE = "023800010154" AND STORE_CODE = 001;
INSERT INTO payment_item(OR_NO, PT_CODE, AMT, CARD_TYPE, CARD_NO, GC_NO, CHECK_NO, STORE_CODE) VALUES ("9", "1", "500.0", "N/A", "N/A", "N/A", "N/A", "1");
INSERT INTO invoice(OR_NO, INVOICE_NO, ENCODER_CODE, ASSIST_CODE, CUST_NO, STORE_CODE, PARTIAL) VALUES ("10", "0", "1", "0", "0", "1", "1");
INSERT INTO invoice_item(OR_NO, PROD_CODE, DISC_CODE, QUANTITY, DEFERRED, SELL_PRICE, COST, STORE_CODE) VALUES ("10", "041457210178", "1", "5", "0", "89.95", "58.47", "1");
UPDATE inventory_lu SET QUANTITY = QUANTITY - 5 WHERE PROD_CODE = "041457210178" AND STORE_CODE = 001;
INSERT INTO payment_item(OR_NO, PT_CODE, AMT, CARD_TYPE, CARD_NO, GC_NO, CHECK_NO, STORE_CODE) VALUES ("10", "3", "100.0", "Visa", "123456124", "N/A", "N/A", "1");
UPDATE invoice SET INVOICE_NO="0", ENCODER_CODE="1", ASSIST_CODE="0", CUST_NO="0", STORE_CODE="1", PARTIAL="0" WHERE OR_NO="10" AND STORE_CODE="001";
DELETE FROM `payment_item` WHERE OR_NO="10" AND STORE_CODE="001";
INSERT INTO payment_item(OR_NO, PT_CODE, AMT, CARD_TYPE, CARD_NO, GC_NO, CHECK_NO, STORE_CODE) VALUES ("10", "3", "100.0", "Visa", "123456124", "N/A", "N/A", "1");
INSERT INTO payment_item(OR_NO, PT_CODE, AMT, CARD_TYPE, CARD_NO, GC_NO, CHECK_NO, STORE_CODE) VALUES ("10", "3", "500.0", "N/A", "51341234570", "N/A", "N/A", "1");
INSERT INTO invoice(OR_NO, INVOICE_NO, ENCODER_CODE, ASSIST_CODE, CUST_NO, STORE_CODE, PARTIAL) VALUES ("11", "0", "1", "0", "0", "1", "0");
INSERT INTO invoice_item(OR_NO, PROD_CODE, DISC_CODE, QUANTITY, DEFERRED, SELL_PRICE, COST, STORE_CODE) VALUES ("11", "018068116670", "1", "5", "1", "129.95", "84.47", "1");
UPDATE inventory_lu SET QUANTITY = QUANTITY - 5 WHERE PROD_CODE = "018068116670" AND STORE_CODE = 001;
INSERT INTO payment_item(OR_NO, PT_CODE, AMT, CARD_TYPE, CARD_NO, GC_NO, CHECK_NO, STORE_CODE) VALUES ("11", "1", "1000.0", "N/A", "N/A", "N/A", "N/A", "1");
UPDATE invoice_item SET DEFERRED="0" WHERE OR_NO="11" AND PROD_CODE="018068116670" AND STORE_CODE="001";
UPDATE inventory_lu SET QUANTITY = QUANTITY - 5 WHERE PROD_CODE = "018068116670" AND STORE_CODE = 001;
INSERT INTO invoice(OR_NO, INVOICE_NO, ENCODER_CODE, ASSIST_CODE, CUST_NO, STORE_CODE, PARTIAL) VALUES ("12", "0", "1", "0", "0", "1", "0");
INSERT INTO invoice_item(OR_NO, PROD_CODE, DISC_CODE, QUANTITY, DEFERRED, SELL_PRICE, COST, STORE_CODE) VALUES ("12", "018068116670", "1", "5", "1", "129.95", "84.47", "1");
UPDATE inventory_lu SET QUANTITY = QUANTITY - 5 WHERE PROD_CODE = "018068116670" AND STORE_CODE = 001;
INSERT INTO payment_item(OR_NO, PT_CODE, AMT, CARD_TYPE, CARD_NO, GC_NO, CHECK_NO, STORE_CODE) VALUES ("12", "1", "1000.0", "N/A", "N/A", "N/A", "N/A", "1");
INSERT INTO invoice(OR_NO, INVOICE_NO, ENCODER_CODE, ASSIST_CODE, CUST_NO, STORE_CODE, PARTIAL) VALUES ("13", "0", "1", "0", "0", "1", "0");
INSERT INTO invoice_item(OR_NO, PROD_CODE, DISC_CODE, QUANTITY, DEFERRED, SELL_PRICE, COST, STORE_CODE) VALUES ("13", "018068116670", "1", "3", "1", "129.95", "84.47", "1");
UPDATE inventory_lu SET QUANTITY = QUANTITY - 3 WHERE PROD_CODE = "018068116670" AND STORE_CODE = 001;
INSERT INTO payment_item(OR_NO, PT_CODE, AMT, CARD_TYPE, CARD_NO, GC_NO, CHECK_NO, STORE_CODE) VALUES ("13", "1", "500.0", "N/A", "N/A", "N/A", "N/A", "1");
UPDATE invoice_item SET DEFERRED="0" WHERE OR_NO="12" AND PROD_CODE="018068116670" AND STORE_CODE="001";
UPDATE inventory_lu SET QUANTITY = QUANTITY - 5 WHERE PROD_CODE = "018068116670" AND STORE_CODE = 001;
UPDATE invoice_item SET DEFERRED="0" WHERE OR_NO="13" AND PROD_CODE="018068116670" AND STORE_CODE="001";
UPDATE inventory_lu SET QUANTITY = QUANTITY - 3 WHERE PROD_CODE = "018068116670" AND STORE_CODE = 001;
INSERT INTO invoice(OR_NO, INVOICE_NO, ENCODER_CODE, ASSIST_CODE, CUST_NO, STORE_CODE, PARTIAL) VALUES ("14", "0", "1", "0", "0", "1", "0");
INSERT INTO invoice_item(OR_NO, PROD_CODE, DISC_CODE, QUANTITY, DEFERRED, SELL_PRICE, COST, STORE_CODE) VALUES ("14", "018068116670", "1", "1", "1", "129.95", "84.47", "1");
INSERT INTO payment_item(OR_NO, PT_CODE, AMT, CARD_TYPE, CARD_NO, GC_NO, CHECK_NO, STORE_CODE) VALUES ("14", "1", "140.0", "N/A", "N/A", "N/A", "N/A", "1");
UPDATE invoice_item SET DEFERRED="0" WHERE OR_NO="14" AND PROD_CODE="018068116670" AND STORE_CODE="001";
UPDATE inventory_lu SET QUANTITY = QUANTITY - 1 WHERE PROD_CODE = "018068116670" AND STORE_CODE = 001;
INSERT INTO invoice(OR_NO, INVOICE_NO, ENCODER_CODE, ASSIST_CODE, CUST_NO, STORE_CODE, PARTIAL) VALUES ("15", "0", "1", "0", "0", "1", "0");
INSERT INTO returned_items(OR_NO, PROD_CODE, RETURN_CODE, QUANTITY, COST, SELL_PRICE, STORE_CODE) VALUES ("15", "031609659382", "1", "10", "64.97", "99.95", "1");
INSERT INTO invoice_item(OR_NO, PROD_CODE, DISC_CODE, QUANTITY, DEFERRED, SELL_PRICE, COST, STORE_CODE) VALUES ("15", "03435", "1", "5", "0", "999.95", "649.97", "1");
UPDATE inventory_lu SET QUANTITY = QUANTITY - 5 WHERE PROD_CODE = "03435" AND STORE_CODE = 001;
INSERT INTO payment_item(OR_NO, PT_CODE, AMT, CARD_TYPE, CARD_NO, GC_NO, CHECK_NO, STORE_CODE) VALUES ("15", "1", "4500.0", "N/A", "N/A", "N/A", "N/A", "1");
INSERT INTO invoice(OR_NO, INVOICE_NO, ENCODER_CODE, ASSIST_CODE, CUST_NO, STORE_CODE, PARTIAL) VALUES ("16", "0", "1", "0", "0", "1", "0");
INSERT INTO invoice(OR_NO, INVOICE_NO, ENCODER_CODE, ASSIST_CODE, CUST_NO, STORE_CODE, PARTIAL) VALUES ("17", "0", "1", "0", "0", "1", "0");
INSERT INTO invoice_item(OR_NO, PROD_CODE, DISC_CODE, QUANTITY, DEFERRED, SELL_PRICE, COST, STORE_CODE) VALUES ("17", "03246", "1", "5", "0", "1200.0", "780.0", "1");
UPDATE inventory_lu SET QUANTITY = QUANTITY - 5 WHERE PROD_CODE = "03246" AND STORE_CODE = 001;
INSERT INTO payment_item(OR_NO, PT_CODE, AMT, CARD_TYPE, CARD_NO, GC_NO, CHECK_NO, STORE_CODE) VALUES ("17", "1", "6000.0", "N/A", "N/A", "N/A", "N/A", "1");
